[{"status":"c3RvcA==","name":"dGVzdA==","path":"L2YoLio/KVwvL2lz","contents":"aHR0cDovL3d3dy5nb29nbGUuY29tLw=="},{"status":"c3RvcA==","name":"dGVzdA==","path":"WyIvcGljXFwvKC4qPylcXC8oLio/KSQvaXMiLCIvZiguKj8pXFwvKC4qPykkL2lzIl0=","contents":"aHR0cDovLzExMy4xMDcuNDIuNzI6ODgvaW1hZ2VzL3VwbG9hZGltZy8="},{"status":"c3RvcA==","name":"dGVzdA==","path":"dXBwLw==","contents":"aHR0cDovLzExMy4xMDcuNDIuNzI6ODgvdXBwLw=="},{"status":"c3RvcA==","name":"dGVzdA==","path":"aXQxMS8=","contents":"aHR0cDovL3QxMS5iYWlkdS5jb20vaXQv"},{"status":"c3RvcA==","name":"dGVzdA==","path":"aXQxMC8=","contents":"aHR0cDovL3QxMC5iYWlkdS5jb20vaXQv"},{"status":"c3RvcA==","name":"dGVzdA==","path":"aXQxMi8=","contents":"aHR0cDovL3QxMi5iYWlkdS5jb20vaXQv"},{"status":"c3RvcA==","name":"dGVzdA==","path":"aTgv","contents":"aHR0cDovL2k4LmJhaWR1LmNvbS9pdC8="},{"status":"c3RvcA==","name":"dGVzdA==","path":"aTcv","contents":"aHR0cDovL2k3LmJhaWR1LmNvbS9pdC8="},{"status":"cnVu","name":"dGVzdA==","path":"YjEv","contents":"aHR0cDovL2IxLmJkc3RhdGljLmNvbS8="},{"status":"cnVu","name":"dGVzdA==","path":"L2l0KFswLTldKylcLy8=","contents":"aHR0cDovL3R7JDF9LmJhaWR1LmNvbS9pdC8="},{"status":"cnVu","name":"dGVzdA==","path":"L2koWzAtOV0rKVwvLw==","contents":"aHR0cDovL2l7JDF9LmJhaWR1LmNvbS9pdC8="},{"status":"cnVu","name":"dGVzdA==","path":"czEv","contents":"aHR0cDovL3MxLmJkc3RhdGljLmNvbS8="},{"status":"cnVu","name":"TmV3IFBhdGg=","path":"c20v","contents":"aHR0cDovL20uYmFpZHUuY29tLw=="}]