[{"status":"cnVu","name":"54ix5aWH6Im6NDA06Lez6L2s","path":"L3ZpZGVvL2F2Lw==","contents":"L3BsYXkuanNwP2lkPXt1cmwsWyJydWxlIjoiXC92aWRlb1xcL2F2KC4qPylbXFwufFxcL10kXC9pcyJdfSZwPTE="},{"status":"cnVu","name":"YmlsaWJpbGkudHbot7Povaw=","path":"aHR0cDovL3d3dy5iaWxpYmlsaS50di8=","contents":"e3Jvb3R1cmx9"},{"status":"cnVu","name":"YWNnLnR26Lez6L2s","path":"aHR0cDovL2FjZy50di8=","contents":"e3Jvb3R1cmx9YWNnLw=="},{"status":"cnVu","name":"bS5hY2cudHbot7Povaw=","path":"aHR0cDovL20uYWNnLnR2Lw==","contents":"e3Jvb3R1cmx9bWFjZy8="}]