[{"status":"cnVu","name":"c3BhY2U=","path":"c3BhY2Uv","contents":"aHR0cDovL3NwYWNlLmJpbGliaWxpLmNvbS8="},{"status":"cnVu","name":"aGRzbGI=","path":"aGRzbGIv","contents":"aHR0cDovL3N0YXRpYy5oZHNsYi5jb20v"},{"status":"cnVu","name":"aW50ZXJmYWNl","path":"aW50ZXJmYWNlLw==","contents":"aHR0cDovL2ludGVyZmFjZS5iaWxpYmlsaS5jb20v"},{"status":"cnVu","name":"YXBp","path":"YXBpLw==","contents":"aHR0cDovL2FwaS5iaWxpYmlsaS5jb20v"},{"status":"cnVu","name":"c3RhdA==","path":"c3RhdC8=","contents":"aHR0cDovL3N0YXQuYmlsaWJpbGkuY29tLw=="},{"status":"cnVu","name":"c2VjdXJl","path":"c2VjdXJlLw==","contents":"aHR0cHM6Ly9zZWN1cmUuYmlsaWJpbGkuY29tLw=="},{"status":"cnVu","name":"cGw=","path":"cGwv","contents":"aHR0cDovL3BsLmJpbGliaWxpLmNvbS8="},{"status":"cnVu","name":"c3RhdGlj","path":"c3RhdGljLw==","contents":"aHR0cHM6Ly9zdGF0aWMtcy5iaWxpYmlsaS5jb20v"},{"status":"c3RvcA==","name":"cGxheWVy","path":"L3BsYXllclwuc3dmKC4qPykkLw==","contents":"e3Jvb3R1cmx9aW5kZXgucGhwP2xpbms9YldsdWFXeHZZV1JsY2k1emQyWT0="},{"status":"cnVu","name":"YWNnX3R2","path":"YWNnLw==","contents":"aHR0cDovL2FjZy50di8="},{"status":"cnVu","name":"bV9hY2dfdHY=","path":"bWFjZy8=","contents":"aHR0cDovL20uYWNnLnR2Lw=="},{"status":"cnVu","name":"Y29tbWVudA==","path":"Y29tbWVudC8=","contents":"aHR0cDovL2NvbW1lbnQuYmlsaWJpbGkuY29tLw=="},{"status":"cnVu","name":"aW5mb19hY2dfdHY=","path":"aWFjZy8=","contents":"aHR0cDovL2luZm8uYWNnLnR2Lw=="}]