[{"status":"cnVu","name":"TmV3IFBhZ2U=","path":"L15wbGF5LmpzcCguKj8pJC8=","contents":"eyJvcCI6ImluY2x1ZGUiLCJjb2RlIjoi5LyqQuermem7keenkeaKgCJ9"},{"status":"c3RvcA==","name":"NDA0","path":"PEhUVFBDT0RFOjQwNHwqPg==","contents":"e3Jlc3VsdHN9"},{"status":"cnVu","name":"bG9nbw==","path":"aGRzbGIvaW1hZ2VzL2hlYWRlci8yMDE0MDYtbG9nbzIucG5n","contents":"eyJvcCI6ImZpbGUiLCJjb2RlIjoiYmlsaWJpbGlfbG9nby5wbmciLCJtaW1lIjoiaW1hZ2VcL3BuZyJ9"},{"status":"cnVu","name":"aGVhZGVy","path":"aGRzbGIvaW1hZ2VzL2hlYWRlci8yMDE0MDYtOTgwLmpwZw==","contents":"eyJvcCI6ImZpbGUiLCJjb2RlIjoiMjAxNDA2LTk4MC5wbmciLCJtaW1lIjoiaW1hZ2VcL3BuZyJ9"},{"status":"cnVu","name":"cGxheWVy","path":"L3BsYXllclwuc3dmKC4qPykkL2lz","contents":"eyJvcCI6ImZpbGUiLCJjb2RlIjoibWluaWxvYWRlci5zd2YiLCJtaW1lIjoiYXBwbGljYXRpb25cL3gtc2hvY2t3YXZlLWZsYXNoIn0="},{"status":"cnVu","name":"55m+5bqm6Lez6L2s","path":"YmFpZHU=","contents":"eyJvcCI6ImhlYWRlciIsImNvZGUiOiIzMDIiLCJsb2NhdGlvbiI6Imh0dHA6Ly93d3cuYmFpZHUuY29tLyJ9"}]