[{"status":"cnVu","name":"TmV3IFBhZ2U=","path":"c3RhdGljcy8ydHUvYWRzL2NvbnRlbnQyLmpz","contents":""},{"status":"cnVu","name":"TmV3IFBhZ2U=","path":"c3RhdGljcy8ydHUvYWRzL2NvbnRlbnQxLmpz","contents":""},{"status":"cnVu","name":"TmV3IFBhZ2U=","path":"c3RhdGljcy8ydHUvYWRzL2NvbnRlbnRfMjUwXzEuanM=","contents":""},{"status":"cnVu","name":"TmV3IFBhZ2U=","path":"c3RhdGljcy8ydHUvYWRzL3NlYXJjaF8yNTBfMS5qcw==","contents":""},{"status":"cnVu","name":"TmV3IFBhZ2U=","path":"c3RhdGljcy8ydHUvYWRzL3NlYXJjaF8yNTBfMi5qcw==","contents":""},{"status":"cnVu","name":"TmV3IFBhZ2U=","path":"c3RhdGljcy8ydHUvYWRzL3NlYXJjaDIuanM=","contents":""},{"status":"cnVu","name":"TmV3IFBhZ2U=","path":"c3RhdGljcy8ydHUvYWRzL3NlYXJjaDEuanM=","contents":""},{"status":"cnVu","name":"TmV3IFBhZ2U=","path":"c3RhdGljcy8ydHUvYWRzL3RvcF8yNTBfMi5qcw==","contents":""},{"status":"cnVu","name":"TmV3IFBhZ2U=","path":"c3RhdGljcy8ydHUvYWRzL3RvcF8yNTBfMS5qcw==","contents":""},{"status":"cnVu","name":"TmV3IFBhZ2U=","path":"c3RhdGljcy8ydHUvYWRzL3RvcDEuanM=","contents":""},{"status":"cnVu","name":"TmV3IFBhZ2U=","path":"c3RhdGljcy8ydHUvYWRzL2luZGV4MDQuanM=","contents":""},{"status":"cnVu","name":"TmV3IFBhZ2U=","path":"c3RhdGljcy8ydHUvYWRzL2luZGV4MDMuanM=","contents":""},{"status":"cnVu","name":"TmV3IFBhZ2U=","path":"c3RhdGljcy8ydHUvYWRzL2luZGV4MDIuanM=","contents":""},{"status":"cnVu","name":"TmV3IFBhZ2U=","path":"c3RhdGljcy8ydHUvYWRzL2luZGV4MDEuanM=","contents":""},{"status":"cnVu","name":"TmV3IFBhZ2U=","path":"c3RhdGljcy8ydHUvYWRzL2NoYW5uZWxfMjUwXzIuanM=","contents":""},{"status":"cnVu","name":"TmV3IFBhZ2U=","path":"c3RhdGljcy8ydHUvYWRzL2NoYW5uZWwxLmpz","contents":""},{"status":"cnVu","name":"TmV3IFBhZ2U=","path":"c3RhdGljcy8ydHUvYWRzL2NoYW5uZWxfMjUwXzEuanM=","contents":""},{"status":"cnVu","name":"TmV3IFBhZ2U=","path":"c3RhdGljcy8ydHUvYWRzL2NoYW5uZWwyLmpz","contents":""},{"status":"cnVu","name":"TmV3IFBhZ2U=","path":"c3RhdGljcy8ydHUvYWRzL3BsYXlfNTAwXzYwLmpz","contents":""},{"status":"cnVu","name":"TmV3IFBhZ2U=","path":"c3RhdGljcy8ydHUvYWRzL3BsYXlfMzUwXzEuanM=","contents":""},{"status":"cnVu","name":"TmV3IFBhZ2U=","path":"c3RhdGljcy8ydHUvYWRzL3BsYXlfMzUwXzIuanM=","contents":""},{"status":"cnVu","name":"TmV3IFBhZ2U=","path":"c3RhdGljcy8ydHUvYWRzL3BsYXkxLmpz","contents":""},{"status":"cnVu","name":"TmV3IFBhZ2U=","path":"YWQvdG9uZ2ppLmpz","contents":""}]