[{"status":"cnVu","name":"aHR0cDovL3N0YXRpY3MuZ3ZvZC50di8=","path":"Kg==","contents":"e3NpdGV1cml9c3RhdGljcy8="},{"status":"cnVu","name":"L3dpbmRvd1wuXF9iZFxfc2hhcmVcX2NvbmZpZ1w9KC4qPylcLmpzXCdcXVw7L2lz","path":"Kg==","contents":""},{"status":"cnVu","name":"LzwhLS0gRHVvc2h1byBDb21tZW50IEJFR0lOIC0tPiguKj8pPCEtLSBEdW9zaHVvIENvbW1lbnQgRU5EIC0tPi9pcw==","path":"Kg==","contents":""},{"status":"cnVu","name":"c3JjPS9hZC90b25namkuanM+","path":"Kg==","contents":"c3JjPSJ7c2l0ZXVyaX1hZC90b25namkuanMiPg=="},{"status":"cnVu","name":"YWpheC5nZXQoIi8=","path":"Kg==","contents":"YWpheC5nZXQoIntzaXRldXJpfQ=="},{"status":"cnVu","name":"aWZyYW1lX3Byb3h5LnNyYz1zcmM=","path":"Kg==","contents":"aWZyYW1lX3Byb3h5LnNyYz17c2l0ZXVyaX1zcmM="},{"status":"cnVu","name":"aHR0cDovLycrZG9jdW1lbnQuZG9tYWluKycvcGxheS8=","path":"Kg==","contents":"e3Jvb3R1cmx9cGxheS8="},{"status":"cnVu","name":"Ii8iK3NpdGVQYXRo","path":"Kg==","contents":"Intyb290dXJsfSIrc2l0ZVBhdGg="}]