[{"status":"cnVu","name":"eyJvcCI6ImRvbSIsImRvbSI6Ii50b3BfYWRzIiwiZG8iOiIzIiwiZmluZCI6IiJ9","path":"Kg==","contents":""},{"status":"cnVu","name":"eyJvcCI6ImRvbSIsImRvbSI6Ii5teWFkcyIsImRvIjoiMyIsImZpbmQiOiIifQ==","path":"Kg==","contents":""},{"status":"cnVu","name":"eyJvcCI6ImRvbSIsImRvbSI6Ii5jb3B5cmlnaHQiLCJkbyI6IjMiLCJmaW5kIjoiIn0=","path":"Kg==","contents":""},{"status":"cnVu","name":"LzxcIVwtXC1cIGJvZHlcIGVuZFwgXC1cLVw+KC4qPyk8XC9ib2R5Pi9pcw==","path":"Kg==","contents":"PCEtLSBib2R5IGVuZCAtLT4KPC9ib2R5Pg=="},{"status":"cnVu","name":"aHR0cDovL3d3dy5ub3dhbWFnaWMubmV0L2luY2x1ZGVzLw==","path":"Kg==","contents":"e3NpdGV1cml9bm93YW1hZ2ljL2luY2x1ZGVzLw=="},{"status":"cnVu","name":"aHR0cDovL3d3dy5ub3dhbWFnaWMubmV0L2ltYWdlcy8=","path":"Kg==","contents":"e3NpdGV1cml9bm93YW1hZ2ljL2ltYWdlcy8="},{"status":"cnVu","name":"aHR0cDovL3d3dy5ub3dhbWFnaWMubmV0Lw==","path":"Kg==","contents":"e3NpdGV1cml9"},{"status":"cnVu","name":"WyJ3d3cubm93YW1hZ2ljLm5ldCIsIm5vd2FtYWdpYy5uZXQiXQ==","path":"Kg==","contents":"e2hvc3QsbGl0ZX0="},{"status":"cnVu","name":"aHR0cDovL3d3dy5lendwdGhlbWVzLmNvbS9leGFtcGxlcy8=","path":"Kg==","contents":""},{"status":"cnVu","name":"PGxpPjxhIGhyZWY9ImFib3V0L2Jsb2dzIj7mm7Tlub/pmJTnmoTpmIXor7vnqbrpl7Q8L2E+PC9saT4=","path":"Kg==","contents":""}]