[{"status":"cnVu","name":"Y2xhc3M9ImV4LWFway12b3RlIg==","path":"Kg==","contents":"Y2xhc3M9ImV4LWFway12b3RlIiBzdHlsZT0iZGlzcGxheTpub25lIg=="},{"status":"cnVu","name":"aHR0cDpcL1wvY29vbGFway5jb21cL3JcLw==","path":"Kg==","contents":"e3Jvb3R1cmx9clwv"},{"status":"cnVu","name":"Y2xhc3M9XHUwMDIyZXgtY2FyZC10b29sYmFyIHRleHQtcmlnaHRcdTAwMjI=","path":"Kg==","contents":"Y2xhc3M9XHUwMDIyZXgtY2FyZC10b29sYmFyIHRleHQtcmlnaHRcdTAwMjIgc3R5bGU9XHUwMDIyZGlzcGxheTpub25lXHUwMDIy"},{"status":"cnVu","name":"c3BhbiBjbGFzcz1cdTAwMjJleC1yZXBseS1hY3Rpb25cdTAwMjI=","path":"Kg==","contents":"c3BhbiBjbGFzcz1cdTAwMjJleC1yZXBseS1hY3Rpb25cdTAwMjIgc3R5bGU9XHUwMDIyZGlzcGxheTpub25lXHUwMDIy"},{"status":"cnVu","name":"aWQ9ImNvbW1lbnRGb3JtMiI=","path":"Kg==","contents":"aWQ9ImNvbW1lbnRGb3JtMiIgc3R5bGU9ImRpc3BsYXk6bm9uZSI="},{"status":"cnVu","name":"aWQ9ImNvbW1lbnRGb3JtIg==","path":"Kg==","contents":"aWQ9ImNvbW1lbnRGb3JtIiBzdHlsZT0iZGlzcGxheTpub25lIg=="},{"status":"cnVu","name":"Y2xhc3M9ImJ0biBidG4tZGVmYXVsdCBleC1idG4tZ2x5cGhpY29uIg==","path":"Kg==","contents":"Y2xhc3M9ImJ0biBidG4tZGVmYXVsdCBleC1idG4tZ2x5cGhpY29uIiAgc3R5bGU9ImRpc3BsYXk6bm9uZSI="},{"status":"cnVu","name":"c3BhbiBjbGFzcz0iZXgtcmVwbHktYWN0aW9uIg==","path":"Kg==","contents":"c3BhbiBjbGFzcz0iZXgtcmVwbHktYWN0aW9uIiBzdHlsZT0iZGlzcGxheTpub25lIg=="},{"status":"cnVu","name":"Y3JlYXRlIiBjbGFzcz0iYnRuIGJ0bi1kZWZhdWx0Ij7lj5HnjrDmlrDlupTnlKg8L2E+","path":"Kg==","contents":"Y3JlYXRlIiBjbGFzcz0iYnRuIGJ0bi1kZWZhdWx0IiBzdHlsZT0iZGlzcGxheTpub25lIj7lj5HnjrDmlrDlupTnlKg8L2E+"},{"status":"cnVu","name":"Y3JlYXRlIj7liJvlu7rlupTnlKjpm4Y8L2E+","path":"Kg==","contents":"Y3JlYXRlIiBzdHlsZT0iZGlzcGxheTpub25lIj7liJvlu7rlupTnlKjpm4Y8L2E+"},{"status":"cnVu","name":"Y2xhc3M9InB1bGwtcmlnaHQi","path":"Kg==","contents":"Y2xhc3M9InB1bGwtcmlnaHQiIHN0eWxlPSJkaXNwbGF5Om5vbmUi"},{"status":"cnVu","name":"Y2xhc3M9ImV4LWNhcmQtY29tbWVudCI=","path":"Kg==","contents":"Y2xhc3M9ImV4LWNhcmQtY29tbWVudCIgc3R5bGU9ImRpc3BsYXk6bm9uZSI="},{"status":"cnVu","name":"LzxkaXZcIGNsYXNzXD1cImZvb3RlclwtbGlua3NcIj4oLio/KTxcL2Rpdj4vaXM=","path":"Kg==","contents":"PGRpdiBjbGFzcz0iZm9vdGVyLWxpbmtzIj48L2Rpdj4="},{"status":"cnVu","name":"Y2xhc3M9InBhbmVsIHBhbmVsLWRlZmF1bHQgZXgtY2FyZCBleC1jYXJkLWJ0bnMi","path":"Kg==","contents":"Y2xhc3M9InBhbmVsIHBhbmVsLWRlZmF1bHQgZXgtY2FyZCBleC1jYXJkLWJ0bnMiIHN0eWxlPSJkaXNwbGF5Om5vbmUi"},{"status":"cnVu","name":"Y2xhc3M9ImV4LWNhcmQtdG9vbGJhciB0ZXh0LXJpZ2h0Ig==","path":"Kg==","contents":"Y2xhc3M9ImV4LWNhcmQtdG9vbGJhciB0ZXh0LXJpZ2h0IiBzdHlsZT0iZGlzcGxheTpub25lIg=="},{"status":"cnVu","name":"Y2xhc3M9Im1lZGlhLWFjdGlvbiBwdWxsLXJpZ2h0Ig==","path":"Kg==","contents":"Y2xhc3M9Im1lZGlhLWFjdGlvbiBwdWxsLXJpZ2h0IiBzdHlsZT0iZGlzcGxheTpub25lIg=="},{"status":"cnVu","name":"Y2xhc3M9ImJ0biBidG4tZGVmYXVsdCIgZGF0YS10b2dnbGU9InBvcG92ZXIiIGRhdGEtcGxhY2VtZW50PSJsZWZ0Ig==","path":"Kg==","contents":"Y2xhc3M9ImJ0biBidG4tZGVmYXVsdCIgZGF0YS10b2dnbGU9InBvcG92ZXIiIGRhdGEtcGxhY2VtZW50PSJsZWZ0IiBzdHlsZT0iZGlzcGxheTpub25lIg=="},{"status":"cnVu","name":"aHR0cDovL2Nvb2xhcGsuY29tL3Iv","path":"Kg==","contents":"e3Jvb3R1cmx9ci8="},{"status":"cnVu","name":"Y2xhc3M9Im5hdiBuYXZiYXItbmF2IGV4LWxvZ2luLW5hdmJhciI=","path":"Kg==","contents":"Y2xhc3M9Im5hdiBuYXZiYXItbmF2IGV4LWxvZ2luLW5hdmJhciIgc3R5bGU9ImRpc3BsYXk6bm9uZSI="},{"status":"c3RvcA==","name":"L1wuY3NzXD8oLio/KVwiL2lz","path":"Kg==","contents":"LmNzcyI="},{"status":"c3RvcA==","name":"L1wuanNcPyguKj8pXCIvaXM=","path":"Kg==","contents":"LmpzIg=="},{"status":"cnVu","name":"XHUwMDIyXC8=","path":"Kg==","contents":"XHUwMDIye3NpdGV1cmksenl9"},{"status":"cnVu","name":"aHR0cDpcL1wvYXZhdGFyLmNvb2xhcGsuY29tXC8=","path":"Kg==","contents":"e3NpdGV1cmksenl9YXZhdGFyXC8="},{"status":"cnVu","name":"aHR0cDpcL1wvc3RhdGljLmNvb2xhcGsuY29tXC8=","path":"Kg==","contents":"e3NpdGV1cmksenl9c3RhdGljXC8="},{"status":"cnVu","name":"aHR0cDpcL1wvaW1hZ2UuY29vbGFway5jb21cLw==","path":"Kg==","contents":"e3NpdGV1cmksenl9aW1hZ2VcLw=="},{"status":"cnVu","name":"aHR0cDovL2ltYWdlLmNvb2xhcGsuY29tLw==","path":"Kg==","contents":"e3NpdGV1cml9aW1hZ2Uv"},{"status":"cnVu","name":"aHR0cDovL3N0YXRpYy5jb29sYXBrLmNvbS8=","path":"Kg==","contents":"e3NpdGV1cml9c3RhdGljLw=="},{"status":"cnVu","name":"aHR0cDovL2F2YXRhci5jb29sYXBrLmNvbS8=","path":"Kg==","contents":"e3NpdGV1cml9YXZhdGFyLw=="},{"status":"cnVu","name":"L1wie3NpdGV1cmksenl9XCIvaXM=","path":"c3RhdGljL2tpbmRlZGl0b3IvNC4xLjEwL2tpbmRlZGl0b3ItbWluLmpz","contents":"Ii8i"},{"status":"cnVu","name":"L1wie3NpdGV1cmksenl9XD5cIi9pcw==","path":"c3RhdGljL2tpbmRlZGl0b3IvNC4xLjEwL2tpbmRlZGl0b3ItbWluLmpz","contents":"Ii8+Ig=="},{"status":"cnVu","name":"LzxkaXZcIGNsYXNzXD1cImZvb3RlclwtY29weXJpZ2h0XCI+KC4qPyk8XC9ib2R5Pi9pcw==","path":"Kg==","contents":"PGRpdiBjbGFzcz0iZm9vdGVyLWNvcHlyaWdodCI+PC9kaXY+PC9ib2R5Pg=="},{"status":"cnVu","name":"6YW35a6J","path":"Kg==","contents":"6YW35pqX"},{"status":"cnVu","name":"XHU5MTc3XHU1Yjg5","path":"Kg==","contents":"XHU5MTc3XHU2Njk3"},{"status":"cnVu","name":"PGxpPjxhIGhyZWY9IntzaXRldXJpfWFway9jb20uY29vbGFway5tYXJrZXQiPumFt+W4guWcujwvYT48L2xpPg==","path":"Kg==","contents":""}]