[{"status":"cnVu","name":"TmV3IEhvc3Q=","path":"aHR0cDovLzEyNy4wLjAuMS9jb3B5Y2F0L2JhaWR1L3hi","contents":"eGJhaWR1"},{"status":"c3RvcA==","name":"TmV3IEhvc3Q=","path":"LyguKj8pYmlsaWJpbGlcLy8=","contents":"YmlsaWJpbGk="},{"status":"cnVu","name":"TmV3IEhvc3Q=","path":"aHR0cDovLzEyNy4wLjAuMS9iaWxpYmlsaS8=","contents":"YmlsaWJpbGk="},{"status":"cnVu","name":"5pys5py6","path":"MTI3LjAuMC4x","contents":"eHh4"},{"status":"cnVu","name":"5pys5py6","path":"bG9jYWxob3N0","contents":"ZG1t"},{"status":"cnVu","name":"TmV3IEhvc3Q=","path":"MTI3LjAuMC4x","contents":"YmlsaWJpbGk="}]