[{"status":"c3RvcA==","name":"PDQwND4=","path":"PEhUVFBDT0RFOjQwNHxbIiIsIioudHh0IiwiKi5naWYiLCIvcGljXFwvKC4qPykkL2lzIl0+","contents":"eyJvcCI6InBocCIsImNvZGUiOiJmZmYucGhwIn0="},{"status":"c3RvcA==","name":"dGVzdA==","path":"L3BpY1wvKC4qPykkL2lz","contents":"eyJvcCI6ImZpbGUiLCJjb2RlIjoidGVzdC5qcGcifQ=="},{"status":"c3RvcA==","name":"dGVzdA==","path":"WyIqLnR4dCIsIiouZ2lmIiwiL3BpY1xcLyguKj8pJC9pcyJd","contents":"eyJvcCI6ImZpbGUiLCJjb2RlIjoiWmVyb+OAkeaYpeWliOOCi+OBqiAtIOepuuOBr+mrmOOBj+miqOOBr+atjOOBhi5tcDMifQ=="},{"status":"c3RvcA==","name":"bWFpbg==","path":"cHAvbm90aGluZy5odG1s","contents":"eyJvcCI6InBocCIsImNvZGUiOiJmZmYucGhwIiwiY29uZmlnIjoiSkhoNFBTSXhNak1pT3c9PSJ9"},{"status":"c3RvcA==","name":"YmFpZHU=","path":"YmFpZHU=","contents":"eyJvcCI6ImN1cmwiLCJjb2RlIjoiaHR0cDovL3d3dy5iYWlkdS5jb20vIn0="},{"status":"c3RvcA==","name":"Z29vZ2xl","path":"Z29vZ2xl","contents":"eyJvcCI6ImxvY2F0aW9uIiwiY29kZSI6Imh0dHA6Ly93d3cuZ29vZ2xlLmNvbS8ifQ=="},{"status":"c3RvcA==","name":"ZmlsZTE=","path":"ZmlsZTE=","contents":"eyJvcCI6ImZpbGUiLCJjb2RlIjoidGVzdC5qcGcifQ=="},{"status":"c3RvcA==","name":"dGV4dDE=","path":"dGV4dDE=","contents":"eyJvcCI6InRleHQiLCJjb2RlIjoiMS50eHQifQ=="},{"status":"c3RvcA==","name":"dGVzdA==","path":"ZmZm","contents":"eyJvcCI6ImhlYWRlciIsImNvZGUiOiI0MDQifQ=="},{"status":"c3RvcA==","name":"dGVzdA==","path":"ZmZm","contents":"eyJvcCI6ImhlYWRlciIsImNvZGUiOiJzdGF0dXM6IDQwNCBOb3QgRm91bmQifQ=="},{"status":"c3RvcA==","name":"dGVzdA==","path":"MTEx","contents":"eyJvcCI6InBocCIsImNvZGUiOiIxLnBocCJ9"},{"status":"c3RvcA==","name":"dGVzdA==","path":"c3Nz","contents":"eyJvcCI6InJ1biIsImNvZGUiOiJjbVYwZFhKdUlDTG1rNDNrdmFEbHBybmxsWXJsbFlybGxZcmxsWW9pT3c9PSIsImNvbmZpZyI6IkpIaDRQU0l4TWpNaU93PT0ifQ=="},{"status":"c3RvcA==","name":"dGVzdA==","path":"c2VhcmNoL2Vycm9yLmh0bWw=","contents":"eyJvcCI6InJ1biIsImNvZGUiOiJjbVYwZFhKdUlDTG1rNDNrdmFEbHBybmxsWXJsbFlybGxZcmxsWW9pT3c9PSJ9"},{"status":"c3RvcA==","name":"dGVzdA==","path":"enp6","contents":"eyJvcCI6ImhlYWRlciIsImNvZGUiOiIzMDEiLCJsb2NhdGlvbiI6Imh0dHA6Ly93d3cuYmFpZHUuY29tLyJ9"}]