[{"status":"c3RvcA==","name":"e3Jlc3VsdHN9","path":"eyJtaW1lIjpbImFwcGxpY2F0aW9uXC9qYXZhc2NyaXB0Il19fHwhLyguKj8pXC5odG1sL2lz","contents":""},{"status":"c3RvcA==","name":"eyJvcCI6ImRvbSIsImRvbSI6IiN3cmFwcGVyIiwiZG8iOiIzIiwiZmluZCI6IiJ9","path":"Kg==","contents":"e3N0cnJhbmQ6NSwzfQ=="},{"status":"cnVu","name":"d3d3LmJhaWR1LmNvbQ==","path":"LyguKj8pXC5odG1sL2lz","contents":"e2xpdGVyb290dXJsfQ=="},{"status":"cnVu","name":"WyLnmb7luqbpppbpobUiLCLnmb7np5EiXQ==","path":"Kg==","contents":"5L2g5aa555qE"},{"status":"c3RvcA==","name":"bG9nby0tcy5wbmc=","path":"Kg==","contents":"e2lucHV0OjEucG5nfQ=="},{"status":"c3RvcA==","name":"5Y+N5Y+N5aSN5aSN6LCB6LCB6LCB","path":"LyguKj8pXC8oLio/KSQvaXM=","contents":"e2xvY2F0aW9uOmh0dHA6Ly93d3cuYmFpZHUuY29tLzEyM317cnVuOmNtVjBkWEp1SURFeU16cz19e2FkaXJ9"},{"status":"c3RvcA==","name":"MDIuMDUuMjAxNA==","path":"Kg==","contents":"e2V2YWw6ZGF0ZS5jb2RlfQ=="},{"status":"c3RvcA==","name":"cmNfYmFpZHU=","path":"Kg==","contents":"e3dlYjpodHRwOi8vd3d3LmJhaWR1LmNvbS99"},{"status":"c3RvcA==","name":"aHR0cDovL3QxMS5iYWlkdS5jb20vaXQv","path":"Kg==","contents":"L2l0MTEv"},{"status":"c3RvcA==","name":"aHR0cDovL3QxMC5iYWlkdS5jb20vaXQv","path":"Kg==","contents":"L2l0MTAv"},{"status":"c3RvcA==","name":"aHR0cDovL3QxMi5iYWlkdS5jb20vaXQv","path":"Kg==","contents":"L2l0MTIv"},{"status":"c3RvcA==","name":"aHR0cDovL2k4LmJhaWR1LmNvbS9pdC8=","path":"Kg==","contents":"L2k4Lw=="},{"status":"c3RvcA==","name":"aHR0cDovL2k3LmJhaWR1LmNvbS9pdC8=","path":"Kg==","contents":"L2k3Lw=="},{"status":"cnVu","name":"aHR0cDovL2IxLmJkc3RhdGljLmNvbS8=","path":"Kg==","contents":"e3Jvb3R1cmx9YjEv"},{"status":"cnVu","name":"L1wvXC90KFswLTldKylcLmJhaWR1XC5jb21cLy8=","path":"Kg==","contents":"Ly97cm9vdHVybCxsaXRlfS90eyQxfS8="},{"status":"cnVu","name":"L1wvXC9pKFswLTldKylcLmJhaWR1XC5jb21cLy8=","path":"Kg==","contents":"Ly97cm9vdHVybCxsaXRlfS9peyQxfS8="},{"status":"cnVu","name":"dXJsPS8=","path":"Kg==","contents":"dXJsPXtyb290dXJsfQ=="},{"status":"cnVu","name":"Lzxub3NjcmlwdD4oLio/KTxcL25vc2NyaXB0Pi9pcw==","path":"Kg==","contents":""},{"status":"cnVu","name":"aHR0cDovL3MxLmJkc3RhdGljLmNvbS8=","path":"Kg==","contents":"e3Jvb3R1cmx9czEv"},{"status":"c3RvcA==","name":"dXJsKC8=","path":"Kg==","contents":"dXJsKHtyb290dXJsfQ=="},{"status":"c3RvcA==","name":"dXJsKCcv","path":"Kg==","contents":"dXJsKCd7cm9vdHVybH0="},{"status":"c3RvcA==","name":"dXJsKCIv","path":"Kg==","contents":"dXJsKCJ7cm9vdHVybH0="},{"status":"cnVu","name":"LXpBLVowLTlddXJsPWh0dHA6Ly97bGl0ZXJvb3R1cmx9","path":"Kg==","contents":"LXpBLVowLTlddXJsPWh0dHA6XC9cL3tsaXRlcm9vdHVybCx6eX0="},{"status":"c3RvcA==","name":"eyJvcCI6InBocCIsImNvZGUiOiJmZmYucGhwIiwiY29uZmlnIjoiSkc1aGJXVTlNVEl6T3c9PSIsInJlcGxhY2UiOnRydWV9","path":"Kg==","contents":"NDU2"},{"status":"cnVu","name":"aHR0cDovL20uYmFpZHUuY29tLw==","path":"Kg==","contents":"e3Jvb3R1cmx9c20v"},{"status":"cnVu","name":"aHR0cDpcL1wvbS5iYWlkdS5jb21cLw==","path":"Kg==","contents":"e3Jvb3R1cmwsenl9c21cLw=="},{"status":"cnVu","name":"Ii9zPw==","path":"Kg==","contents":"IntzaXRldXJpfXM/"},{"status":"cnVu","name":"L1wvXC90KFswLTldKylcLmJhaWR1XC5jb21cIi8=","path":"Kg==","contents":"Ly97cm9vdHVybCxsaXRlfS90eyQxfS8i"},{"status":"cnVu","name":"L1wvXC9pKFswLTldKylcLmJhaWR1XC5jb21cIi8=","path":"Kg==","contents":"Ly97cm9vdHVybCxsaXRlfS9peyQxfS8i"},{"status":"cnVu","name":"Ly9iMS5iZHN0YXRpYy5jb20v","path":"Kg==","contents":"Ly97cm9vdHVybCxsaXRlfS9iMS8="},{"status":"cnVu","name":"Ly9iMS5iZHN0YXRpYy5jb20i","path":"Kg==","contents":"Ly97cm9vdHVybCxsaXRlfS9iMS8i"},{"status":"cnVu","name":"XC9cL2IxLmJkc3RhdGljLmNvbVwv","path":"Kg==","contents":"XC9cL3tsaXRlcm9vdHVybCx6eX1cL2IxXC8="},{"status":"cnVu","name":"Ly9zMS5iZHN0YXRpYy5jb20v","path":"Kg==","contents":"Ly97cm9vdHVybCxsaXRlfS9zMS8="},{"status":"cnVu","name":"Ly9zMS5iZHN0YXRpYy5jb20i","path":"Kg==","contents":"Ly97cm9vdHVybCxsaXRlfS9zMS8i"},{"status":"cnVu","name":"XC9cL3MxLmJkc3RhdGljLmNvbVwv","path":"Kg==","contents":"XC9cL3tsaXRlcm9vdHVybCx6eX1cL3MxXC8="},{"status":"cnVu","name":"L2ltZyhbMC05XSspXC5pbWd0blwuYmRpbWdcLmNvbS8=","path":"Kg==","contents":"e3Jvb3R1cmwsbGl0ZX0vaW1neyQxfQ=="}]